{
    "WhatsappSupport": {
        "item_id": "30626608",
        "migration": [
            "2021_05_24_042145_create_whatsapp_support_settings_table.php",
            "2021_05_25_050337_create_whatsapp_support_agents_table.php",
            "2021_05_25_050338_create_whatsapp_support_agent_times_table.php",
            "2021_05_25_050339_create_whatsapp_support_messages_table.php"
        ],
        "names": [
            "whatsapp_support_settings",
            "whatsapp_support_agents",
            "whatsapp_support_agent_times",
            "whatsapp_support_messages"
        ],
        "versions": [
            "1.0"
        ],
        "url": [
            "https://spondonit.com/contact"
        ],
        "notes": [
            "Communication via whatsapp"
        ]
    }
}
